N0	t1	{1}|{5, 27, 30, 14, 24, 18, 17, 40, 20, 22, 29, 35, 51, 53, 54, 56, 57, 60, 58, 59, 4, 10, 19, 33, 49, 13, 39, 47, 50, 32, 34, 36, 6, 11, 38, 42, 43, 44, 12, 23, 45, 46, 55, 21, 25, 26, 16, 7, 8, 9, 37, 52, 31, 41, 48, 15, 28}#{2}|{3}	0.8956936487321234	215.86216934444175	241.0
N0	t2	{1}|{2}#{5, 27, 30, 14, 24, 18, 17, 40, 20, 22, 29, 35, 51, 53, 54, 56, 57, 60, 58, 59, 4, 10, 19, 33, 49, 13, 39, 47, 50, 32, 34, 36, 6, 11, 38, 42, 43, 44, 12, 23, 45, 46, 55, 21, 25, 26, 16, 7, 8, 9, 37, 52, 31, 41, 48, 15, 28}|{3}	0.0358220431017351	8.633112387518159	241.0
N0	t3	{1}|{3}#{2}|{5, 27, 30, 14, 24, 18, 17, 40, 20, 22, 29, 35, 51, 53, 54, 56, 57, 60, 58, 59, 4, 10, 19, 33, 49, 13, 39, 47, 50, 32, 34, 36, 6, 11, 38, 42, 43, 44, 12, 23, 45, 46, 55, 21, 25, 26, 16, 7, 8, 9, 37, 52, 31, 41, 48, 15, 28}	0.06848430816614161	16.50471826804013	241.0
N1	t1	{1, 2, 5, 27, 30, 14, 24, 18, 17, 40, 20, 22, 29, 35, 51, 53, 54, 4, 10, 19, 33, 49, 13, 39, 47, 50, 32, 34, 36, 3, 6, 11, 38, 42, 43, 44, 12, 23, 45, 46, 55, 21, 25, 26, 16, 7, 8, 9, 37, 52, 31, 41, 48, 15, 28}|{60, 58, 59}#{56}|{57}	0.6073425081144032	595.1956579521151	980.0
N1	t2	{1, 2, 5, 27, 30, 14, 24, 18, 17, 40, 20, 22, 29, 35, 51, 53, 54, 4, 10, 19, 33, 49, 13, 39, 47, 50, 32, 34, 36, 3, 6, 11, 38, 42, 43, 44, 12, 23, 45, 46, 55, 21, 25, 26, 16, 7, 8, 9, 37, 52, 31, 41, 48, 15, 28}|{56}#{57}|{60, 58, 59}	0.19651103913931875	192.58081835653238	980.0
N1	t3	{1, 2, 5, 27, 30, 14, 24, 18, 17, 40, 20, 22, 29, 35, 51, 53, 54, 4, 10, 19, 33, 49, 13, 39, 47, 50, 32, 34, 36, 3, 6, 11, 38, 42, 43, 44, 12, 23, 45, 46, 55, 21, 25, 26, 16, 7, 8, 9, 37, 52, 31, 41, 48, 15, 28}|{57}#{56}|{60, 58, 59}	0.19614645274627843	192.22352369135285	980.0
N2	t1	{1, 2, 5, 27, 30, 14, 24, 18, 17, 40, 20, 22, 29, 35, 51, 53, 54, 56, 57, 4, 10, 19, 33, 49, 13, 39, 47, 50, 32, 34, 36, 3, 6, 11, 38, 42, 43, 44, 12, 23, 45, 46, 55, 21, 25, 26, 16, 7, 8, 9, 37, 52, 31, 41, 48, 15, 28}|{58}#{60}|{59}	0.49894616643957185	462.0241501230435	926.0
N2	t2	{1, 2, 5, 27, 30, 14, 24, 18, 17, 40, 20, 22, 29, 35, 51, 53, 54, 56, 57, 4, 10, 19, 33, 49, 13, 39, 47, 50, 32, 34, 36, 3, 6, 11, 38, 42, 43, 44, 12, 23, 45, 46, 55, 21, 25, 26, 16, 7, 8, 9, 37, 52, 31, 41, 48, 15, 28}|{60}#{58}|{59}	0.2416733023950683	223.78947801783323	926.0
N2	t3	{1, 2, 5, 27, 30, 14, 24, 18, 17, 40, 20, 22, 29, 35, 51, 53, 54, 56, 57, 4, 10, 19, 33, 49, 13, 39, 47, 50, 32, 34, 36, 3, 6, 11, 38, 42, 43, 44, 12, 23, 45, 46, 55, 21, 25, 26, 16, 7, 8, 9, 37, 52, 31, 41, 48, 15, 28}|{59}#{60}|{58}	0.2593805311653598	240.1863718591232	926.0
N3	t1	{1, 2, 5, 27, 30, 14, 24, 18, 17, 40, 20, 22, 29, 35, 51, 53, 54, 4, 10, 19, 33, 49, 13, 39, 47, 50, 32, 34, 36, 3, 6, 11, 38, 42, 43, 44, 12, 23, 45, 46, 55, 21, 25, 26, 16, 7, 8, 9, 37, 52, 31, 41, 48, 15, 28}|{56, 57}#{60, 59}|{58}	0.6009571620522329	599.7552477281284	998.0
N3	t2	{1, 2, 5, 27, 30, 14, 24, 18, 17, 40, 20, 22, 29, 35, 51, 53, 54, 4, 10, 19, 33, 49, 13, 39, 47, 50, 32, 34, 36, 3, 6, 11, 38, 42, 43, 44, 12, 23, 45, 46, 55, 21, 25, 26, 16, 7, 8, 9, 37, 52, 31, 41, 48, 15, 28}|{58}#{56, 57}|{60, 59}	0.17852291366230635	178.16586783498175	998.0
N3	t3	{1, 2, 5, 27, 30, 14, 24, 18, 17, 40, 20, 22, 29, 35, 51, 53, 54, 4, 10, 19, 33, 49, 13, 39, 47, 50, 32, 34, 36, 3, 6, 11, 38, 42, 43, 44, 12, 23, 45, 46, 55, 21, 25, 26, 16, 7, 8, 9, 37, 52, 31, 41, 48, 15, 28}|{60, 59}#{56, 57}|{58}	0.2205199242854607	220.07888443688978	998.0
N4	t1	{1, 2, 3}|{5, 27, 30, 14, 24, 18, 17, 40, 20, 22, 29, 35, 51, 53, 54, 4, 10, 19, 33, 49, 13, 39, 47, 50, 32, 34, 36, 6, 11, 38, 42, 43, 44, 12, 23, 45, 46, 55, 21, 25, 26, 16, 7, 8, 9, 37, 52, 31, 41, 48, 15, 28}#{56, 57}|{60, 58, 59}	0.865683267170571	958.3113767578221	1107.0
N4	t2	{1, 2, 3}|{56, 57}#{5, 27, 30, 14, 24, 18, 17, 40, 20, 22, 29, 35, 51, 53, 54, 4, 10, 19, 33, 49, 13, 39, 47, 50, 32, 34, 36, 6, 11, 38, 42, 43, 44, 12, 23, 45, 46, 55, 21, 25, 26, 16, 7, 8, 9, 37, 52, 31, 41, 48, 15, 28}|{60, 58, 59}	0.07900125586750434	87.4543902453273	1107.0
N4	t3	{1, 2, 3}|{60, 58, 59}#{5, 27, 30, 14, 24, 18, 17, 40, 20, 22, 29, 35, 51, 53, 54, 4, 10, 19, 33, 49, 13, 39, 47, 50, 32, 34, 36, 6, 11, 38, 42, 43, 44, 12, 23, 45, 46, 55, 21, 25, 26, 16, 7, 8, 9, 37, 52, 31, 41, 48, 15, 28}|{56, 57}	0.05531547696192462	61.23423299685055	1107.0
N5	t1	{1, 2, 56, 57, 60, 58, 59, 3}|{5, 27, 30, 14, 24, 18, 17, 40, 20, 22, 29, 35, 51, 53, 4, 10, 19, 33, 49, 13, 39, 47, 50, 32, 34, 36, 6, 11, 38, 42, 43, 44, 12, 23, 45, 46, 21, 25, 26, 16, 7, 8, 9, 37, 52, 31, 41, 48, 15, 28}#{54}|{55}	0.9397003111406069	163.5078541384656	174.0
N5	t2	{1, 2, 56, 57, 60, 58, 59, 3}|{54}#{5, 27, 30, 14, 24, 18, 17, 40, 20, 22, 29, 35, 51, 53, 4, 10, 19, 33, 49, 13, 39, 47, 50, 32, 34, 36, 6, 11, 38, 42, 43, 44, 12, 23, 45, 46, 21, 25, 26, 16, 7, 8, 9, 37, 52, 31, 41, 48, 15, 28}|{55}	0.023552077570840248	4.098061497326203	174.0
N5	t3	{1, 2, 56, 57, 60, 58, 59, 3}|{55}#{5, 27, 30, 14, 24, 18, 17, 40, 20, 22, 29, 35, 51, 53, 4, 10, 19, 33, 49, 13, 39, 47, 50, 32, 34, 36, 6, 11, 38, 42, 43, 44, 12, 23, 45, 46, 21, 25, 26, 16, 7, 8, 9, 37, 52, 31, 41, 48, 15, 28}|{54}	0.036747611288552896	6.3940843642082035	174.0
N6	t1	{1, 2, 40, 35, 51, 53, 54, 56, 57, 60, 58, 59, 33, 49, 39, 47, 50, 32, 34, 36, 3, 38, 42, 43, 44, 45, 46, 55, 37, 52, 41, 48}|{27, 30, 14, 24, 18, 17, 20, 22, 29, 10, 19, 13, 6, 11, 12, 23, 21, 25, 26, 16, 7, 8, 9, 31, 15, 28}#{5}|{4}	0.9337998716276402	243.7217664948141	261.0
N6	t2	{1, 2, 40, 35, 51, 53, 54, 56, 57, 60, 58, 59, 33, 49, 39, 47, 50, 32, 34, 36, 3, 38, 42, 43, 44, 45, 46, 55, 37, 52, 41, 48}|{5}#{27, 30, 14, 24, 18, 17, 20, 22, 29, 10, 19, 13, 6, 11, 12, 23, 21, 25, 26, 16, 7, 8, 9, 31, 15, 28}|{4}	0.03439647839326676	8.977480860642624	261.0
N6	t3	{1, 2, 40, 35, 51, 53, 54, 56, 57, 60, 58, 59, 33, 49, 39, 47, 50, 32, 34, 36, 3, 38, 42, 43, 44, 45, 46, 55, 37, 52, 41, 48}|{4}#{5}|{27, 30, 14, 24, 18, 17, 20, 22, 29, 10, 19, 13, 6, 11, 12, 23, 21, 25, 26, 16, 7, 8, 9, 31, 15, 28}	0.03180364997909303	8.300752644543282	261.0
N7	t1	{1, 2, 5, 27, 30, 14, 24, 18, 17, 40, 20, 22, 29, 35, 51, 53, 54, 56, 57, 60, 58, 59, 4, 10, 19, 33, 49, 13, 39, 47, 50, 32, 34, 36, 3, 11, 38, 42, 43, 44, 12, 23, 45, 46, 55, 21, 25, 26, 16, 8, 37, 52, 31, 41, 48, 15, 28}|{9}#{6}|{7}	0.4	2.0	5.0
N7	t2	{1, 2, 5, 27, 30, 14, 24, 18, 17, 40, 20, 22, 29, 35, 51, 53, 54, 56, 57, 60, 58, 59, 4, 10, 19, 33, 49, 13, 39, 47, 50, 32, 34, 36, 3, 11, 38, 42, 43, 44, 12, 23, 45, 46, 55, 21, 25, 26, 16, 8, 37, 52, 31, 41, 48, 15, 28}|{6}#{7}|{9}	0.6	3.0	5.0
N7	t3	{1, 2, 5, 27, 30, 14, 24, 18, 17, 40, 20, 22, 29, 35, 51, 53, 54, 56, 57, 60, 58, 59, 4, 10, 19, 33, 49, 13, 39, 47, 50, 32, 34, 36, 3, 11, 38, 42, 43, 44, 12, 23, 45, 46, 55, 21, 25, 26, 16, 8, 37, 52, 31, 41, 48, 15, 28}|{7}#{6}|{9}	0.0	0.0	5.0
N8	t1	{1, 2, 5, 27, 30, 14, 24, 18, 17, 40, 20, 22, 29, 35, 51, 53, 54, 56, 57, 60, 58, 59, 4, 10, 19, 33, 49, 13, 39, 47, 50, 32, 34, 36, 3, 11, 38, 42, 43, 44, 12, 23, 45, 46, 55, 21, 25, 26, 16, 37, 52, 31, 41, 48, 15, 28}|{8}#{6, 7}|{9}	0.75	3.0	4.0
N8	t2	{1, 2, 5, 27, 30, 14, 24, 18, 17, 40, 20, 22, 29, 35, 51, 53, 54, 56, 57, 60, 58, 59, 4, 10, 19, 33, 49, 13, 39, 47, 50, 32, 34, 36, 3, 11, 38, 42, 43, 44, 12, 23, 45, 46, 55, 21, 25, 26, 16, 37, 52, 31, 41, 48, 15, 28}|{9}#{6, 7}|{8}	0.0	0.0	4.0
N8	t3	{1, 2, 5, 27, 30, 14, 24, 18, 17, 40, 20, 22, 29, 35, 51, 53, 54, 56, 57, 60, 58, 59, 4, 10, 19, 33, 49, 13, 39, 47, 50, 32, 34, 36, 3, 11, 38, 42, 43, 44, 12, 23, 45, 46, 55, 21, 25, 26, 16, 37, 52, 31, 41, 48, 15, 28}|{6, 7}#{8}|{9}	0.25	1.0	4.0
N9	t1	{1, 2, 5, 40, 35, 51, 53, 54, 56, 57, 60, 58, 59, 4, 33, 49, 39, 47, 50, 32, 34, 36, 3, 38, 42, 43, 44, 45, 46, 55, 37, 52, 41, 48}|{27, 30, 14, 24, 18, 17, 20, 22, 29, 10, 19, 13, 11, 12, 23, 21, 25, 26, 16, 31, 15, 28}#{6, 7, 9}|{8}	0.8891465607982323	62.24025925587626	70.0
N9	t2	{1, 2, 5, 40, 35, 51, 53, 54, 56, 57, 60, 58, 59, 4, 33, 49, 39, 47, 50, 32, 34, 36, 3, 38, 42, 43, 44, 45, 46, 55, 37, 52, 41, 48}|{8}#{27, 30, 14, 24, 18, 17, 20, 22, 29, 10, 19, 13, 11, 12, 23, 21, 25, 26, 16, 31, 15, 28}|{6, 7, 9}	0.04469884748771303	3.128919324139912	70.0
N9	t3	{1, 2, 5, 40, 35, 51, 53, 54, 56, 57, 60, 58, 59, 4, 33, 49, 39, 47, 50, 32, 34, 36, 3, 38, 42, 43, 44, 45, 46, 55, 37, 52, 41, 48}|{6, 7, 9}#{27, 30, 14, 24, 18, 17, 20, 22, 29, 10, 19, 13, 11, 12, 23, 21, 25, 26, 16, 31, 15, 28}|{8}	0.06615459171405462	4.630821419983824	70.0
N10	t1	{1, 2, 5, 27, 30, 14, 24, 18, 40, 20, 22, 29, 35, 51, 53, 54, 56, 57, 60, 58, 59, 4, 10, 19, 33, 49, 39, 47, 50, 32, 34, 36, 3, 6, 11, 38, 42, 43, 44, 23, 45, 46, 55, 21, 25, 26, 7, 8, 9, 37, 52, 31, 41, 48, 15, 28}|{13, 12}#{17}|{16}	0.8241190835308483	41.20595417654241	50.0
N10	t2	{1, 2, 5, 27, 30, 14, 24, 18, 40, 20, 22, 29, 35, 51, 53, 54, 56, 57, 60, 58, 59, 4, 10, 19, 33, 49, 39, 47, 50, 32, 34, 36, 3, 6, 11, 38, 42, 43, 44, 23, 45, 46, 55, 21, 25, 26, 7, 8, 9, 37, 52, 31, 41, 48, 15, 28}|{17}#{13, 12}|{16}	0.1379120879120879	6.895604395604395	50.0
N10	t3	{1, 2, 5, 27, 30, 14, 24, 18, 40, 20, 22, 29, 35, 51, 53, 54, 56, 57, 60, 58, 59, 4, 10, 19, 33, 49, 39, 47, 50, 32, 34, 36, 3, 6, 11, 38, 42, 43, 44, 23, 45, 46, 55, 21, 25, 26, 7, 8, 9, 37, 52, 31, 41, 48, 15, 28}|{16}#{17}|{13, 12}	0.03796882855706385	1.8984414278531925	50.0
N11	t1	{1, 2, 5, 27, 30, 14, 24, 18, 40, 20, 22, 29, 35, 51, 53, 54, 56, 57, 60, 58, 59, 4, 10, 19, 33, 49, 39, 47, 50, 32, 34, 36, 3, 6, 11, 38, 42, 43, 44, 23, 45, 46, 55, 21, 25, 26, 7, 8, 9, 37, 52, 31, 41, 48, 15, 28}|{17, 16}#{13}|{12}	0.9725634725634725	107.95454545454545	111.0
N11	t2	{1, 2, 5, 27, 30, 14, 24, 18, 40, 20, 22, 29, 35, 51, 53, 54, 56, 57, 60, 58, 59, 4, 10, 19, 33, 49, 39, 47, 50, 32, 34, 36, 3, 6, 11, 38, 42, 43, 44, 23, 45, 46, 55, 21, 25, 26, 7, 8, 9, 37, 52, 31, 41, 48, 15, 28}|{13}#{17, 16}|{12}	0.02615115115115115	2.9027777777777777	111.0
N11	t3	{1, 2, 5, 27, 30, 14, 24, 18, 40, 20, 22, 29, 35, 51, 53, 54, 56, 57, 60, 58, 59, 4, 10, 19, 33, 49, 39, 47, 50, 32, 34, 36, 3, 6, 11, 38, 42, 43, 44, 23, 45, 46, 55, 21, 25, 26, 7, 8, 9, 37, 52, 31, 41, 48, 15, 28}|{12}#{17, 16}|{13}	0.0012853762853762855	0.14267676767676768	111.0
N12	t1	{1, 2, 5, 27, 14, 18, 40, 22, 35, 51, 53, 54, 56, 57, 60, 58, 59, 4, 10, 19, 33, 49, 39, 47, 50, 32, 34, 36, 3, 6, 11, 38, 42, 43, 44, 23, 45, 46, 55, 26, 7, 8, 9, 37, 52, 41, 48, 15, 28}|{30, 24, 20, 29, 21, 25, 31}#{17, 16}|{13, 12}	0.45105209627305165	127.19669114900057	282.0
N12	t2	{1, 2, 5, 27, 14, 18, 40, 22, 35, 51, 53, 54, 56, 57, 60, 58, 59, 4, 10, 19, 33, 49, 39, 47, 50, 32, 34, 36, 3, 6, 11, 38, 42, 43, 44, 23, 45, 46, 55, 26, 7, 8, 9, 37, 52, 41, 48, 15, 28}|{17, 16}#{30, 24, 20, 29, 21, 25, 31}|{13, 12}	0.25190785775089475	71.03801588575232	282.0
N12	t3	{1, 2, 5, 27, 14, 18, 40, 22, 35, 51, 53, 54, 56, 57, 60, 58, 59, 4, 10, 19, 33, 49, 39, 47, 50, 32, 34, 36, 3, 6, 11, 38, 42, 43, 44, 23, 45, 46, 55, 26, 7, 8, 9, 37, 52, 41, 48, 15, 28}|{13, 12}#{30, 24, 20, 29, 21, 25, 31}|{17, 16}	0.2970400459760535	83.76529296524708	282.0
N13	t1	{1, 2, 5, 27, 14, 18, 17, 40, 22, 35, 51, 53, 54, 56, 57, 60, 58, 59, 4, 10, 19, 33, 49, 13, 39, 47, 50, 32, 34, 36, 3, 6, 11, 38, 42, 43, 44, 12, 23, 45, 46, 55, 26, 16, 7, 8, 9, 37, 52, 41, 48, 15, 28}|{30, 24, 29, 25, 31}#{20}|{21}	0.9381242253051105	60.039950419527074	64.0
N13	t2	{1, 2, 5, 27, 14, 18, 17, 40, 22, 35, 51, 53, 54, 56, 57, 60, 58, 59, 4, 10, 19, 33, 49, 13, 39, 47, 50, 32, 34, 36, 3, 6, 11, 38, 42, 43, 44, 12, 23, 45, 46, 55, 26, 16, 7, 8, 9, 37, 52, 41, 48, 15, 28}|{20}#{30, 24, 29, 25, 31}|{21}	0.0554176762238076	3.5467312783236866	64.0
N13	t3	{1, 2, 5, 27, 14, 18, 17, 40, 22, 35, 51, 53, 54, 56, 57, 60, 58, 59, 4, 10, 19, 33, 49, 13, 39, 47, 50, 32, 34, 36, 3, 6, 11, 38, 42, 43, 44, 12, 23, 45, 46, 55, 26, 16, 7, 8, 9, 37, 52, 41, 48, 15, 28}|{21}#{30, 24, 29, 25, 31}|{20}	0.0064580984710817975	0.41331830214923504	64.0
N14	t1	{1, 2, 5, 27, 14, 18, 17, 40, 20, 22, 35, 51, 53, 54, 56, 57, 60, 58, 59, 4, 10, 19, 33, 49, 13, 39, 47, 50, 32, 34, 36, 3, 6, 11, 38, 42, 43, 44, 12, 23, 45, 46, 55, 21, 26, 16, 7, 8, 9, 37, 52, 41, 48, 15, 28}|{30, 29, 31}#{24}|{25}	0.9412393162393162	97.88888888888889	104.0
N14	t2	{1, 2, 5, 27, 14, 18, 17, 40, 20, 22, 35, 51, 53, 54, 56, 57, 60, 58, 59, 4, 10, 19, 33, 49, 13, 39, 47, 50, 32, 34, 36, 3, 6, 11, 38, 42, 43, 44, 12, 23, 45, 46, 55, 21, 26, 16, 7, 8, 9, 37, 52, 41, 48, 15, 28}|{24}#{30, 29, 31}|{25}	0.019955738705738704	2.075396825396825	104.0
N14	t3	{1, 2, 5, 27, 14, 18, 17, 40, 20, 22, 35, 51, 53, 54, 56, 57, 60, 58, 59, 4, 10, 19, 33, 49, 13, 39, 47, 50, 32, 34, 36, 3, 6, 11, 38, 42, 43, 44, 12, 23, 45, 46, 55, 21, 26, 16, 7, 8, 9, 37, 52, 41, 48, 15, 28}|{25}#{30, 29, 31}|{24}	0.038804945054945056	4.035714285714286	104.0
N15	t1	{1, 2, 5, 27, 14, 24, 18, 17, 40, 20, 22, 35, 51, 53, 54, 56, 57, 60, 58, 59, 4, 10, 19, 33, 49, 13, 39, 47, 50, 32, 34, 36, 3, 6, 11, 38, 42, 43, 44, 12, 23, 45, 46, 55, 21, 25, 26, 16, 7, 8, 9, 37, 52, 41, 48, 15, 28}|{30}#{29}|{31}	0.85	0.85	1.0
N15	t2	{1, 2, 5, 27, 14, 24, 18, 17, 40, 20, 22, 35, 51, 53, 54, 56, 57, 60, 58, 59, 4, 10, 19, 33, 49, 13, 39, 47, 50, 32, 34, 36, 3, 6, 11, 38, 42, 43, 44, 12, 23, 45, 46, 55, 21, 25, 26, 16, 7, 8, 9, 37, 52, 41, 48, 15, 28}|{29}#{30}|{31}	0.05	0.05	1.0
N15	t3	{1, 2, 5, 27, 14, 24, 18, 17, 40, 20, 22, 35, 51, 53, 54, 56, 57, 60, 58, 59, 4, 10, 19, 33, 49, 13, 39, 47, 50, 32, 34, 36, 3, 6, 11, 38, 42, 43, 44, 12, 23, 45, 46, 55, 21, 25, 26, 16, 7, 8, 9, 37, 52, 41, 48, 15, 28}|{31}#{30}|{29}	0.1	0.1	1.0
N16	t1	{1, 2, 5, 27, 14, 18, 17, 40, 20, 22, 35, 51, 53, 54, 56, 57, 60, 58, 59, 4, 10, 19, 33, 49, 13, 39, 47, 50, 32, 34, 36, 3, 6, 11, 38, 42, 43, 44, 12, 23, 45, 46, 55, 21, 26, 16, 7, 8, 9, 37, 52, 41, 48, 15, 28}|{24, 25}#{30}|{29, 31}	0.8300813025492372	34.86341470706796	42.0
N16	t2	{1, 2, 5, 27, 14, 18, 17, 40, 20, 22, 35, 51, 53, 54, 56, 57, 60, 58, 59, 4, 10, 19, 33, 49, 13, 39, 47, 50, 32, 34, 36, 3, 6, 11, 38, 42, 43, 44, 12, 23, 45, 46, 55, 21, 26, 16, 7, 8, 9, 37, 52, 41, 48, 15, 28}|{30}#{24, 25}|{29, 31}	0.10693614950580896	4.491318279243976	42.0
N16	t3	{1, 2, 5, 27, 14, 18, 17, 40, 20, 22, 35, 51, 53, 54, 56, 57, 60, 58, 59, 4, 10, 19, 33, 49, 13, 39, 47, 50, 32, 34, 36, 3, 6, 11, 38, 42, 43, 44, 12, 23, 45, 46, 55, 21, 26, 16, 7, 8, 9, 37, 52, 41, 48, 15, 28}|{29, 31}#{30}|{24, 25}	0.06298254794495396	2.6452670136880663	42.0
N17	t1	{1, 2, 5, 27, 14, 18, 17, 40, 22, 35, 51, 53, 54, 56, 57, 60, 58, 59, 4, 10, 19, 33, 49, 13, 39, 47, 50, 32, 34, 36, 3, 6, 11, 38, 42, 43, 44, 12, 23, 45, 46, 55, 26, 16, 7, 8, 9, 37, 52, 41, 48, 15, 28}|{20, 21}#{30, 29, 31}|{24, 25}	0.778264746235628	161.100802470775	207.0
N17	t2	{1, 2, 5, 27, 14, 18, 17, 40, 22, 35, 51, 53, 54, 56, 57, 60, 58, 59, 4, 10, 19, 33, 49, 13, 39, 47, 50, 32, 34, 36, 3, 6, 11, 38, 42, 43, 44, 12, 23, 45, 46, 55, 26, 16, 7, 8, 9, 37, 52, 41, 48, 15, 28}|{24, 25}#{30, 29, 31}|{20, 21}	0.13158249783416884	27.23757705167295	207.0
N17	t3	{1, 2, 5, 27, 14, 18, 17, 40, 22, 35, 51, 53, 54, 56, 57, 60, 58, 59, 4, 10, 19, 33, 49, 13, 39, 47, 50, 32, 34, 36, 3, 6, 11, 38, 42, 43, 44, 12, 23, 45, 46, 55, 26, 16, 7, 8, 9, 37, 52, 41, 48, 15, 28}|{30, 29, 31}#{24, 25}|{20, 21}	0.09015275593020323	18.66162047755207	207.0
N18	t1	{1, 2, 5, 27, 14, 18, 40, 22, 35, 51, 53, 54, 56, 57, 60, 58, 59, 4, 10, 19, 33, 49, 39, 47, 50, 32, 34, 36, 3, 6, 11, 38, 42, 43, 44, 23, 45, 46, 55, 26, 7, 8, 9, 37, 52, 41, 48, 15, 28}|{17, 13, 12, 16}#{30, 24, 29, 25, 31}|{20, 21}	0.42784268485500176	131.34770425048555	307.0
N18	t2	{1, 2, 5, 27, 14, 18, 40, 22, 35, 51, 53, 54, 56, 57, 60, 58, 59, 4, 10, 19, 33, 49, 39, 47, 50, 32, 34, 36, 3, 6, 11, 38, 42, 43, 44, 23, 45, 46, 55, 26, 7, 8, 9, 37, 52, 41, 48, 15, 28}|{20, 21}#{30, 24, 29, 25, 31}|{17, 13, 12, 16}	0.23037115727469354	70.72394528333092	307.0
N18	t3	{1, 2, 5, 27, 14, 18, 40, 22, 35, 51, 53, 54, 56, 57, 60, 58, 59, 4, 10, 19, 33, 49, 39, 47, 50, 32, 34, 36, 3, 6, 11, 38, 42, 43, 44, 23, 45, 46, 55, 26, 7, 8, 9, 37, 52, 41, 48, 15, 28}|{30, 24, 29, 25, 31}#{17, 13, 12, 16}|{20, 21}	0.3417861578703045	104.92835046618347	307.0
N19	t1	{1, 2, 5, 40, 35, 51, 53, 54, 56, 57, 60, 58, 59, 4, 33, 49, 39, 47, 50, 32, 34, 36, 3, 6, 38, 42, 43, 44, 45, 46, 55, 7, 8, 9, 37, 52, 41, 48}|{27, 14, 18, 22, 10, 19, 11, 23, 26, 15, 28}#{30, 24, 20, 29, 21, 25, 31}|{17, 13, 12, 16}	0.4214939651373568	153.84529727513524	365.0
N19	t2	{1, 2, 5, 40, 35, 51, 53, 54, 56, 57, 60, 58, 59, 4, 33, 49, 39, 47, 50, 32, 34, 36, 3, 6, 38, 42, 43, 44, 45, 46, 55, 7, 8, 9, 37, 52, 41, 48}|{17, 13, 12, 16}#{27, 14, 18, 22, 10, 19, 11, 23, 26, 15, 28}|{30, 24, 20, 29, 21, 25, 31}	0.28410117001193946	103.6969270543579	365.0
N19	t3	{1, 2, 5, 40, 35, 51, 53, 54, 56, 57, 60, 58, 59, 4, 33, 49, 39, 47, 50, 32, 34, 36, 3, 6, 38, 42, 43, 44, 45, 46, 55, 7, 8, 9, 37, 52, 41, 48}|{30, 24, 20, 29, 21, 25, 31}#{27, 14, 18, 22, 10, 19, 11, 23, 26, 15, 28}|{17, 13, 12, 16}	0.2944048648507039	107.45777567050692	365.0
N20	t1	{1, 2, 5, 27, 30, 24, 18, 17, 40, 20, 22, 29, 35, 51, 53, 54, 56, 57, 60, 58, 59, 4, 19, 33, 49, 13, 39, 47, 50, 32, 34, 36, 3, 6, 38, 42, 43, 44, 12, 23, 45, 46, 55, 21, 25, 26, 16, 7, 8, 9, 37, 52, 31, 41, 48, 28}|{14, 15}#{10}|{11}	0.9503200149133164	125.44224196855777	132.0
N20	t2	{1, 2, 5, 27, 30, 24, 18, 17, 40, 20, 22, 29, 35, 51, 53, 54, 56, 57, 60, 58, 59, 4, 19, 33, 49, 13, 39, 47, 50, 32, 34, 36, 3, 6, 38, 42, 43, 44, 12, 23, 45, 46, 55, 21, 25, 26, 16, 7, 8, 9, 37, 52, 31, 41, 48, 28}|{10}#{14, 15}|{11}	0.03584244702665755	4.731203007518797	132.0
N20	t3	{1, 2, 5, 27, 30, 24, 18, 17, 40, 20, 22, 29, 35, 51, 53, 54, 56, 57, 60, 58, 59, 4, 19, 33, 49, 13, 39, 47, 50, 32, 34, 36, 3, 6, 38, 42, 43, 44, 12, 23, 45, 46, 55, 21, 25, 26, 16, 7, 8, 9, 37, 52, 31, 41, 48, 28}|{11}#{14, 15}|{10}	0.013837538060026099	1.826555023923445	132.0
N21	t1	{1, 2, 5, 27, 30, 24, 18, 17, 40, 20, 22, 29, 35, 51, 53, 54, 56, 57, 60, 58, 59, 4, 19, 33, 49, 13, 39, 47, 50, 32, 34, 36, 3, 6, 38, 42, 43, 44, 12, 23, 45, 46, 55, 21, 25, 26, 16, 7, 8, 9, 37, 52, 31, 41, 48, 28}|{10, 11}#{14}|{15}	0.8236790606653622	60.12857142857144	73.0
N21	t2	{1, 2, 5, 27, 30, 24, 18, 17, 40, 20, 22, 29, 35, 51, 53, 54, 56, 57, 60, 58, 59, 4, 19, 33, 49, 13, 39, 47, 50, 32, 34, 36, 3, 6, 38, 42, 43, 44, 12, 23, 45, 46, 55, 21, 25, 26, 16, 7, 8, 9, 37, 52, 31, 41, 48, 28}|{14}#{10, 11}|{15}	0.10031369814497992	7.322899964583534	73.0
N21	t3	{1, 2, 5, 27, 30, 24, 18, 17, 40, 20, 22, 29, 35, 51, 53, 54, 56, 57, 60, 58, 59, 4, 19, 33, 49, 13, 39, 47, 50, 32, 34, 36, 3, 6, 38, 42, 43, 44, 12, 23, 45, 46, 55, 21, 25, 26, 16, 7, 8, 9, 37, 52, 31, 41, 48, 28}|{15}#{14}|{10, 11}	0.07600724118965804	5.5485286068450375	73.0
N22	t1	{1, 2, 5, 30, 24, 17, 40, 20, 29, 35, 51, 53, 54, 56, 57, 60, 58, 59, 4, 33, 49, 13, 39, 47, 50, 32, 34, 36, 3, 6, 38, 42, 43, 44, 12, 45, 46, 55, 21, 25, 16, 7, 8, 9, 37, 52, 31, 41, 48}|{27, 18, 22, 19, 23, 26, 28}#{14, 15}|{10, 11}	0.4573503836232448	163.2740869534984	357.0
N22	t2	{1, 2, 5, 30, 24, 17, 40, 20, 29, 35, 51, 53, 54, 56, 57, 60, 58, 59, 4, 33, 49, 13, 39, 47, 50, 32, 34, 36, 3, 6, 38, 42, 43, 44, 12, 45, 46, 55, 21, 25, 16, 7, 8, 9, 37, 52, 31, 41, 48}|{10, 11}#{27, 18, 22, 19, 23, 26, 28}|{14, 15}	0.2829436199028874	101.0108723053308	357.0
N22	t3	{1, 2, 5, 30, 24, 17, 40, 20, 29, 35, 51, 53, 54, 56, 57, 60, 58, 59, 4, 33, 49, 13, 39, 47, 50, 32, 34, 36, 3, 6, 38, 42, 43, 44, 12, 45, 46, 55, 21, 25, 16, 7, 8, 9, 37, 52, 31, 41, 48}|{14, 15}#{27, 18, 22, 19, 23, 26, 28}|{10, 11}	0.2597059964738677	92.71504074117077	357.0
N23	t1	{1, 2, 5, 30, 14, 24, 17, 40, 20, 29, 35, 51, 53, 54, 56, 57, 60, 58, 59, 4, 10, 33, 49, 13, 39, 47, 50, 32, 34, 36, 3, 6, 11, 38, 42, 43, 44, 12, 45, 46, 55, 21, 25, 16, 7, 8, 9, 37, 52, 31, 41, 48, 15}|{27, 22, 23, 26, 28}#{18}|{19}	0.9505751092707614	59.88623188405797	63.0
N23	t2	{1, 2, 5, 30, 14, 24, 17, 40, 20, 29, 35, 51, 53, 54, 56, 57, 60, 58, 59, 4, 10, 33, 49, 13, 39, 47, 50, 32, 34, 36, 3, 6, 11, 38, 42, 43, 44, 12, 45, 46, 55, 21, 25, 16, 7, 8, 9, 37, 52, 31, 41, 48, 15}|{18}#{27, 22, 23, 26, 28}|{19}	0.029365079365079365	1.85	63.0
N23	t3	{1, 2, 5, 30, 14, 24, 17, 40, 20, 29, 35, 51, 53, 54, 56, 57, 60, 58, 59, 4, 10, 33, 49, 13, 39, 47, 50, 32, 34, 36, 3, 6, 11, 38, 42, 43, 44, 12, 45, 46, 55, 21, 25, 16, 7, 8, 9, 37, 52, 31, 41, 48, 15}|{19}#{27, 22, 23, 26, 28}|{18}	0.020059811364159193	1.263768115942029	63.0
N24	t1	{1, 2, 5, 30, 14, 24, 18, 17, 40, 20, 29, 35, 51, 53, 54, 56, 57, 60, 58, 59, 4, 10, 19, 33, 49, 13, 39, 47, 50, 32, 34, 36, 3, 6, 11, 38, 42, 43, 44, 12, 45, 46, 55, 21, 25, 16, 7, 8, 9, 37, 52, 31, 41, 48, 15}|{27, 26, 28}#{22}|{23}	0.9602603415103416	115.23124098124099	120.0
N24	t2	{1, 2, 5, 30, 14, 24, 18, 17, 40, 20, 29, 35, 51, 53, 54, 56, 57, 60, 58, 59, 4, 10, 19, 33, 49, 13, 39, 47, 50, 32, 34, 36, 3, 6, 11, 38, 42, 43, 44, 12, 45, 46, 55, 21, 25, 16, 7, 8, 9, 37, 52, 31, 41, 48, 15}|{22}#{27, 26, 28}|{23}	0.017866161616161617	2.143939393939394	120.0
N24	t3	{1, 2, 5, 30, 14, 24, 18, 17, 40, 20, 29, 35, 51, 53, 54, 56, 57, 60, 58, 59, 4, 10, 19, 33, 49, 13, 39, 47, 50, 32, 34, 36, 3, 6, 11, 38, 42, 43, 44, 12, 45, 46, 55, 21, 25, 16, 7, 8, 9, 37, 52, 31, 41, 48, 15}|{23}#{27, 26, 28}|{22}	0.021873496873496875	2.624819624819625	120.0
N25	t1	{1, 2, 5, 30, 14, 24, 18, 17, 40, 20, 22, 29, 35, 51, 53, 54, 56, 57, 60, 58, 59, 4, 10, 19, 33, 49, 13, 39, 47, 50, 32, 34, 36, 3, 6, 11, 38, 42, 43, 44, 12, 23, 45, 46, 55, 21, 25, 16, 7, 8, 9, 37, 52, 31, 41, 48, 15}|{27}#{26}|{28}	0.4444444444444444	4.0	9.0
N25	t2	{1, 2, 5, 30, 14, 24, 18, 17, 40, 20, 22, 29, 35, 51, 53, 54, 56, 57, 60, 58, 59, 4, 10, 19, 33, 49, 13, 39, 47, 50, 32, 34, 36, 3, 6, 11, 38, 42, 43, 44, 12, 23, 45, 46, 55, 21, 25, 16, 7, 8, 9, 37, 52, 31, 41, 48, 15}|{26}#{27}|{28}	0.3298611111111111	2.96875	9.0
N25	t3	{1, 2, 5, 30, 14, 24, 18, 17, 40, 20, 22, 29, 35, 51, 53, 54, 56, 57, 60, 58, 59, 4, 10, 19, 33, 49, 13, 39, 47, 50, 32, 34, 36, 3, 6, 11, 38, 42, 43, 44, 12, 23, 45, 46, 55, 21, 25, 16, 7, 8, 9, 37, 52, 31, 41, 48, 15}|{28}#{27}|{26}	0.22569444444444445	2.03125	9.0
N26	t1	{1, 2, 5, 30, 14, 24, 18, 17, 40, 20, 29, 35, 51, 53, 54, 56, 57, 60, 58, 59, 4, 10, 19, 33, 49, 13, 39, 47, 50, 32, 34, 36, 3, 6, 11, 38, 42, 43, 44, 12, 45, 46, 55, 21, 25, 16, 7, 8, 9, 37, 52, 31, 41, 48, 15}|{22, 23}#{27}|{26, 28}	0.9452044323811565	34.02735956572163	36.0
N26	t2	{1, 2, 5, 30, 14, 24, 18, 17, 40, 20, 29, 35, 51, 53, 54, 56, 57, 60, 58, 59, 4, 10, 19, 33, 49, 13, 39, 47, 50, 32, 34, 36, 3, 6, 11, 38, 42, 43, 44, 12, 45, 46, 55, 21, 25, 16, 7, 8, 9, 37, 52, 31, 41, 48, 15}|{27}#{22, 23}|{26, 28}	0.007298041996317857	0.26272951186744287	36.0
N26	t3	{1, 2, 5, 30, 14, 24, 18, 17, 40, 20, 29, 35, 51, 53, 54, 56, 57, 60, 58, 59, 4, 10, 19, 33, 49, 13, 39, 47, 50, 32, 34, 36, 3, 6, 11, 38, 42, 43, 44, 12, 45, 46, 55, 21, 25, 16, 7, 8, 9, 37, 52, 31, 41, 48, 15}|{26, 28}#{27}|{22, 23}	0.04749752562252563	1.7099109224109226	36.0
N27	t1	{1, 2, 5, 30, 14, 24, 17, 40, 20, 29, 35, 51, 53, 54, 56, 57, 60, 58, 59, 4, 10, 33, 49, 13, 39, 47, 50, 32, 34, 36, 3, 6, 11, 38, 42, 43, 44, 12, 45, 46, 55, 21, 25, 16, 7, 8, 9, 37, 52, 31, 41, 48, 15}|{18, 19}#{27, 26, 28}|{22, 23}	0.7619477645954028	165.3426649172024	217.0
N27	t2	{1, 2, 5, 30, 14, 24, 17, 40, 20, 29, 35, 51, 53, 54, 56, 57, 60, 58, 59, 4, 10, 33, 49, 13, 39, 47, 50, 32, 34, 36, 3, 6, 11, 38, 42, 43, 44, 12, 45, 46, 55, 21, 25, 16, 7, 8, 9, 37, 52, 31, 41, 48, 15}|{22, 23}#{27, 26, 28}|{18, 19}	0.14318869503694714	31.07194682301753	217.0
N27	t3	{1, 2, 5, 30, 14, 24, 17, 40, 20, 29, 35, 51, 53, 54, 56, 57, 60, 58, 59, 4, 10, 33, 49, 13, 39, 47, 50, 32, 34, 36, 3, 6, 11, 38, 42, 43, 44, 12, 45, 46, 55, 21, 25, 16, 7, 8, 9, 37, 52, 31, 41, 48, 15}|{27, 26, 28}#{18, 19}|{22, 23}	0.09486354036764999	20.585388259780046	217.0
N28	t1	{1, 2, 5, 30, 24, 17, 40, 20, 29, 35, 51, 53, 54, 56, 57, 60, 58, 59, 4, 33, 49, 13, 39, 47, 50, 32, 34, 36, 3, 6, 38, 42, 43, 44, 12, 45, 46, 55, 21, 25, 16, 7, 8, 9, 37, 52, 31, 41, 48}|{14, 10, 11, 15}#{27, 22, 23, 26, 28}|{18, 19}	0.4091032797668282	146.4589741565245	358.0
N28	t2	{1, 2, 5, 30, 24, 17, 40, 20, 29, 35, 51, 53, 54, 56, 57, 60, 58, 59, 4, 33, 49, 13, 39, 47, 50, 32, 34, 36, 3, 6, 38, 42, 43, 44, 12, 45, 46, 55, 21, 25, 16, 7, 8, 9, 37, 52, 31, 41, 48}|{18, 19}#{27, 22, 23, 26, 28}|{14, 10, 11, 15}	0.24630451424063707	88.17701609814807	358.0
N28	t3	{1, 2, 5, 30, 24, 17, 40, 20, 29, 35, 51, 53, 54, 56, 57, 60, 58, 59, 4, 33, 49, 13, 39, 47, 50, 32, 34, 36, 3, 6, 38, 42, 43, 44, 12, 45, 46, 55, 21, 25, 16, 7, 8, 9, 37, 52, 31, 41, 48}|{27, 22, 23, 26, 28}#{14, 10, 11, 15}|{18, 19}	0.34459220599253476	123.36400974532745	358.0
N29	t1	{1, 2, 5, 40, 35, 51, 53, 54, 56, 57, 60, 58, 59, 4, 33, 49, 39, 47, 50, 32, 34, 36, 3, 6, 38, 42, 43, 44, 45, 46, 55, 7, 8, 9, 37, 52, 41, 48}|{30, 24, 17, 20, 29, 13, 12, 21, 25, 16, 31}#{27, 18, 22, 19, 23, 26, 28}|{14, 10, 11, 15}	0.37483685658274063	152.55860062917543	407.0
N29	t2	{1, 2, 5, 40, 35, 51, 53, 54, 56, 57, 60, 58, 59, 4, 33, 49, 39, 47, 50, 32, 34, 36, 3, 6, 38, 42, 43, 44, 45, 46, 55, 7, 8, 9, 37, 52, 41, 48}|{14, 10, 11, 15}#{27, 18, 22, 19, 23, 26, 28}|{30, 24, 17, 20, 29, 13, 12, 21, 25, 16, 31}	0.32137843345960093	130.80102241805758	407.0
N29	t3	{1, 2, 5, 40, 35, 51, 53, 54, 56, 57, 60, 58, 59, 4, 33, 49, 39, 47, 50, 32, 34, 36, 3, 6, 38, 42, 43, 44, 45, 46, 55, 7, 8, 9, 37, 52, 41, 48}|{27, 18, 22, 19, 23, 26, 28}#{30, 24, 17, 20, 29, 13, 12, 21, 25, 16, 31}|{14, 10, 11, 15}	0.3037847099576586	123.64037695276706	407.0
N30	t1	{1, 2, 5, 40, 35, 51, 53, 54, 56, 57, 60, 58, 59, 4, 33, 49, 39, 47, 50, 32, 34, 36, 3, 38, 42, 43, 44, 45, 46, 55, 37, 52, 41, 48}|{6, 7, 8, 9}#{27, 14, 18, 22, 10, 19, 11, 23, 26, 15, 28}|{30, 24, 17, 20, 29, 13, 12, 21, 25, 16, 31}	0.7318333308756357	321.2748322544041	439.0
N30	t2	{1, 2, 5, 40, 35, 51, 53, 54, 56, 57, 60, 58, 59, 4, 33, 49, 39, 47, 50, 32, 34, 36, 3, 38, 42, 43, 44, 45, 46, 55, 37, 52, 41, 48}|{30, 24, 17, 20, 29, 13, 12, 21, 25, 16, 31}#{27, 14, 18, 22, 10, 19, 11, 23, 26, 15, 28}|{6, 7, 8, 9}	0.1463136229085698	64.23168045686215	439.0
N30	t3	{1, 2, 5, 40, 35, 51, 53, 54, 56, 57, 60, 58, 59, 4, 33, 49, 39, 47, 50, 32, 34, 36, 3, 38, 42, 43, 44, 45, 46, 55, 37, 52, 41, 48}|{27, 14, 18, 22, 10, 19, 11, 23, 26, 15, 28}#{30, 24, 17, 20, 29, 13, 12, 21, 25, 16, 31}|{6, 7, 8, 9}	0.12185304621579458	53.493487288733824	439.0
N31	t1	{1, 2, 40, 35, 51, 53, 54, 56, 57, 60, 58, 59, 33, 49, 39, 47, 50, 32, 34, 36, 3, 38, 42, 43, 44, 45, 46, 55, 37, 52, 41, 48}|{5, 4}#{27, 30, 14, 24, 18, 17, 20, 22, 29, 10, 19, 13, 11, 12, 23, 21, 25, 26, 16, 31, 15, 28}|{6, 7, 8, 9}	0.5883199501105578	387.70284712285763	659.0
N31	t2	{1, 2, 40, 35, 51, 53, 54, 56, 57, 60, 58, 59, 33, 49, 39, 47, 50, 32, 34, 36, 3, 38, 42, 43, 44, 45, 46, 55, 37, 52, 41, 48}|{6, 7, 8, 9}#{5, 4}|{27, 30, 14, 24, 18, 17, 20, 22, 29, 10, 19, 13, 11, 12, 23, 21, 25, 26, 16, 31, 15, 28}	0.12773156320077672	84.17510014931186	659.0
N31	t3	{1, 2, 40, 35, 51, 53, 54, 56, 57, 60, 58, 59, 33, 49, 39, 47, 50, 32, 34, 36, 3, 38, 42, 43, 44, 45, 46, 55, 37, 52, 41, 48}|{27, 30, 14, 24, 18, 17, 20, 22, 29, 10, 19, 13, 11, 12, 23, 21, 25, 26, 16, 31, 15, 28}#{5, 4}|{6, 7, 8, 9}	0.2839484866886656	187.12205272783063	659.0
N32	t1	{1, 2, 54, 56, 57, 60, 58, 59, 3, 55}|{40, 35, 51, 53, 33, 49, 39, 47, 50, 32, 34, 36, 38, 42, 43, 44, 45, 46, 37, 52, 41, 48}#{5, 4}|{27, 30, 14, 24, 18, 17, 20, 22, 29, 10, 19, 13, 6, 11, 12, 23, 21, 25, 26, 16, 7, 8, 9, 31, 15, 28}	0.7707077969614317	778.414874931046	1010.0
N32	t2	{1, 2, 54, 56, 57, 60, 58, 59, 3, 55}|{5, 4}#{27, 30, 14, 24, 18, 17, 20, 22, 29, 10, 19, 13, 6, 11, 12, 23, 21, 25, 26, 16, 7, 8, 9, 31, 15, 28}|{40, 35, 51, 53, 33, 49, 39, 47, 50, 32, 34, 36, 38, 42, 43, 44, 45, 46, 37, 52, 41, 48}	0.10106108794926992	102.07169882876262	1010.0
N32	t3	{1, 2, 54, 56, 57, 60, 58, 59, 3, 55}|{27, 30, 14, 24, 18, 17, 20, 22, 29, 10, 19, 13, 6, 11, 12, 23, 21, 25, 26, 16, 7, 8, 9, 31, 15, 28}#{5, 4}|{40, 35, 51, 53, 33, 49, 39, 47, 50, 32, 34, 36, 38, 42, 43, 44, 45, 46, 37, 52, 41, 48}	0.12823111508929866	129.51342624019165	1010.0
N33	t1	{1, 2, 5, 27, 30, 14, 24, 18, 17, 20, 22, 29, 51, 53, 54, 56, 57, 60, 58, 59, 4, 10, 19, 49, 13, 47, 50, 3, 6, 11, 42, 43, 44, 12, 23, 45, 46, 55, 21, 25, 26, 16, 7, 8, 9, 52, 31, 41, 48, 15, 28}|{40, 35, 39, 34, 36, 38, 37}#{33}|{32}	0.5641537980110402	64.87768677126962	115.0
N33	t2	{1, 2, 5, 27, 30, 14, 24, 18, 17, 20, 22, 29, 51, 53, 54, 56, 57, 60, 58, 59, 4, 10, 19, 49, 13, 47, 50, 3, 6, 11, 42, 43, 44, 12, 23, 45, 46, 55, 21, 25, 26, 16, 7, 8, 9, 52, 31, 41, 48, 15, 28}|{33}#{40, 35, 39, 34, 36, 38, 37}|{32}	0.21389961229609009	24.59845541405036	115.0
N33	t3	{1, 2, 5, 27, 30, 14, 24, 18, 17, 20, 22, 29, 51, 53, 54, 56, 57, 60, 58, 59, 4, 10, 19, 49, 13, 47, 50, 3, 6, 11, 42, 43, 44, 12, 23, 45, 46, 55, 21, 25, 26, 16, 7, 8, 9, 52, 31, 41, 48, 15, 28}|{32}#{40, 35, 39, 34, 36, 38, 37}|{33}	0.22194658969286982	25.523857814680028	115.0
N34	t1	{1, 2, 5, 27, 30, 14, 24, 18, 17, 20, 22, 29, 35, 51, 53, 54, 56, 57, 60, 58, 59, 4, 10, 19, 33, 49, 13, 47, 50, 32, 34, 3, 6, 11, 38, 42, 43, 44, 12, 23, 45, 46, 55, 21, 25, 26, 16, 7, 8, 9, 37, 52, 31, 41, 48, 15, 28}|{36}#{40}|{39}	0.9049210167895012	68.77399727600209	76.0
N34	t2	{1, 2, 5, 27, 30, 14, 24, 18, 17, 20, 22, 29, 35, 51, 53, 54, 56, 57, 60, 58, 59, 4, 10, 19, 33, 49, 13, 47, 50, 32, 34, 3, 6, 11, 38, 42, 43, 44, 12, 23, 45, 46, 55, 21, 25, 26, 16, 7, 8, 9, 37, 52, 31, 41, 48, 15, 28}|{40}#{39}|{36}	0.038051695586435307	2.8919288645690835	76.0
N34	t3	{1, 2, 5, 27, 30, 14, 24, 18, 17, 20, 22, 29, 35, 51, 53, 54, 56, 57, 60, 58, 59, 4, 10, 19, 33, 49, 13, 47, 50, 32, 34, 3, 6, 11, 38, 42, 43, 44, 12, 23, 45, 46, 55, 21, 25, 26, 16, 7, 8, 9, 37, 52, 31, 41, 48, 15, 28}|{39}#{40}|{36}	0.05702728762406353	4.334073859428829	76.0
N35	t1	{1, 2, 5, 27, 30, 14, 24, 18, 17, 20, 22, 29, 51, 53, 54, 56, 57, 60, 58, 59, 4, 10, 19, 33, 49, 13, 47, 50, 32, 34, 3, 6, 11, 42, 43, 44, 12, 23, 45, 46, 55, 21, 25, 26, 16, 7, 8, 9, 52, 31, 41, 48, 15, 28}|{35, 38, 37}#{40, 39}|{36}	0.3894882524639894	84.90843903714969	218.0
N35	t2	{1, 2, 5, 27, 30, 14, 24, 18, 17, 20, 22, 29, 51, 53, 54, 56, 57, 60, 58, 59, 4, 10, 19, 33, 49, 13, 47, 50, 32, 34, 3, 6, 11, 42, 43, 44, 12, 23, 45, 46, 55, 21, 25, 26, 16, 7, 8, 9, 52, 31, 41, 48, 15, 28}|{36}#{40, 39}|{35, 38, 37}	0.2905633996224584	63.34282111769594	218.0
N35	t3	{1, 2, 5, 27, 30, 14, 24, 18, 17, 20, 22, 29, 51, 53, 54, 56, 57, 60, 58, 59, 4, 10, 19, 33, 49, 13, 47, 50, 32, 34, 3, 6, 11, 42, 43, 44, 12, 23, 45, 46, 55, 21, 25, 26, 16, 7, 8, 9, 52, 31, 41, 48, 15, 28}|{40, 39}#{35, 38, 37}|{36}	0.3199483479135522	69.74873984515438	218.0
N36	t1	{1, 2, 5, 27, 30, 14, 24, 18, 17, 40, 20, 22, 29, 51, 53, 54, 56, 57, 60, 58, 59, 4, 10, 19, 33, 49, 13, 39, 47, 50, 32, 34, 36, 3, 6, 11, 42, 43, 44, 12, 23, 45, 46, 55, 21, 25, 26, 16, 7, 8, 9, 52, 31, 41, 48, 15, 28}|{35}#{38}|{37}	0.8840370672380654	67.18681711009297	76.0
N36	t2	{1, 2, 5, 27, 30, 14, 24, 18, 17, 40, 20, 22, 29, 51, 53, 54, 56, 57, 60, 58, 59, 4, 10, 19, 33, 49, 13, 39, 47, 50, 32, 34, 36, 3, 6, 11, 42, 43, 44, 12, 23, 45, 46, 55, 21, 25, 26, 16, 7, 8, 9, 52, 31, 41, 48, 15, 28}|{38}#{35}|{37}	0.05619378353044415	4.270727548313755	76.0
N36	t3	{1, 2, 5, 27, 30, 14, 24, 18, 17, 40, 20, 22, 29, 51, 53, 54, 56, 57, 60, 58, 59, 4, 10, 19, 33, 49, 13, 39, 47, 50, 32, 34, 36, 3, 6, 11, 42, 43, 44, 12, 23, 45, 46, 55, 21, 25, 26, 16, 7, 8, 9, 52, 31, 41, 48, 15, 28}|{37}#{35}|{38}	0.059769149231490425	4.542455341593272	76.0
N37	t1	{1, 2, 5, 27, 30, 14, 24, 18, 17, 20, 22, 29, 51, 53, 54, 56, 57, 60, 58, 59, 4, 10, 19, 33, 49, 13, 47, 50, 32, 34, 3, 6, 11, 42, 43, 44, 12, 23, 45, 46, 55, 21, 25, 26, 16, 7, 8, 9, 52, 31, 41, 48, 15, 28}|{40, 39, 36}#{35}|{38, 37}	0.44595896226816306	85.17816179321915	191.0
N37	t2	{1, 2, 5, 27, 30, 14, 24, 18, 17, 20, 22, 29, 51, 53, 54, 56, 57, 60, 58, 59, 4, 10, 19, 33, 49, 13, 47, 50, 32, 34, 3, 6, 11, 42, 43, 44, 12, 23, 45, 46, 55, 21, 25, 26, 16, 7, 8, 9, 52, 31, 41, 48, 15, 28}|{35}#{40, 39, 36}|{38, 37}	0.2798006146594393	53.4419173999529	191.0
N37	t3	{1, 2, 5, 27, 30, 14, 24, 18, 17, 20, 22, 29, 51, 53, 54, 56, 57, 60, 58, 59, 4, 10, 19, 33, 49, 13, 47, 50, 32, 34, 3, 6, 11, 42, 43, 44, 12, 23, 45, 46, 55, 21, 25, 26, 16, 7, 8, 9, 52, 31, 41, 48, 15, 28}|{38, 37}#{40, 39, 36}|{35}	0.27424042307239765	52.37992080682795	191.0
N38	t1	{1, 2, 5, 27, 30, 14, 24, 18, 17, 20, 22, 29, 51, 53, 54, 56, 57, 60, 58, 59, 4, 10, 19, 33, 49, 13, 47, 50, 32, 3, 6, 11, 42, 43, 44, 12, 23, 45, 46, 55, 21, 25, 26, 16, 7, 8, 9, 52, 31, 41, 48, 15, 28}|{34}#{40, 39, 36}|{35, 38, 37}	0.697858134033928	294.49613256231765	422.0
N38	t2	{1, 2, 5, 27, 30, 14, 24, 18, 17, 20, 22, 29, 51, 53, 54, 56, 57, 60, 58, 59, 4, 10, 19, 33, 49, 13, 47, 50, 32, 3, 6, 11, 42, 43, 44, 12, 23, 45, 46, 55, 21, 25, 26, 16, 7, 8, 9, 52, 31, 41, 48, 15, 28}|{40, 39, 36}#{35, 38, 37}|{34}	0.16631612245277708	70.18540367507192	422.0
N38	t3	{1, 2, 5, 27, 30, 14, 24, 18, 17, 20, 22, 29, 51, 53, 54, 56, 57, 60, 58, 59, 4, 10, 19, 33, 49, 13, 47, 50, 32, 3, 6, 11, 42, 43, 44, 12, 23, 45, 46, 55, 21, 25, 26, 16, 7, 8, 9, 52, 31, 41, 48, 15, 28}|{35, 38, 37}#{40, 39, 36}|{34}	0.1358257435132949	57.31846376261045	422.0
N39	t1	{1, 2, 5, 27, 30, 14, 24, 18, 17, 20, 22, 29, 51, 53, 54, 56, 57, 60, 58, 59, 4, 10, 19, 49, 13, 47, 50, 3, 6, 11, 42, 43, 44, 12, 23, 45, 46, 55, 21, 25, 26, 16, 7, 8, 9, 52, 31, 41, 48, 15, 28}|{33, 32}#{40, 35, 39, 36, 38, 37}|{34}	0.46543200170675675	270.41599299162567	581.0
N39	t2	{1, 2, 5, 27, 30, 14, 24, 18, 17, 20, 22, 29, 51, 53, 54, 56, 57, 60, 58, 59, 4, 10, 19, 49, 13, 47, 50, 3, 6, 11, 42, 43, 44, 12, 23, 45, 46, 55, 21, 25, 26, 16, 7, 8, 9, 52, 31, 41, 48, 15, 28}|{34}#{40, 35, 39, 36, 38, 37}|{33, 32}	0.3445720966010015	200.1963881251819	581.0
N39	t3	{1, 2, 5, 27, 30, 14, 24, 18, 17, 20, 22, 29, 51, 53, 54, 56, 57, 60, 58, 59, 4, 10, 19, 49, 13, 47, 50, 3, 6, 11, 42, 43, 44, 12, 23, 45, 46, 55, 21, 25, 26, 16, 7, 8, 9, 52, 31, 41, 48, 15, 28}|{40, 35, 39, 36, 38, 37}#{33, 32}|{34}	0.18999590169224168	110.38761888319242	581.0
N40	t1	{1, 2, 5, 27, 30, 14, 24, 18, 17, 20, 22, 29, 54, 56, 57, 60, 58, 59, 4, 10, 19, 13, 3, 6, 11, 12, 23, 55, 21, 25, 26, 16, 7, 8, 9, 31, 15, 28}|{51, 53, 49, 47, 50, 42, 43, 44, 45, 46, 52, 41, 48}#{40, 35, 39, 34, 36, 38, 37}|{33, 32}	0.39516896472996926	348.93419585656284	883.0
N40	t2	{1, 2, 5, 27, 30, 14, 24, 18, 17, 20, 22, 29, 54, 56, 57, 60, 58, 59, 4, 10, 19, 13, 3, 6, 11, 12, 23, 55, 21, 25, 26, 16, 7, 8, 9, 31, 15, 28}|{33, 32}#{40, 35, 39, 34, 36, 38, 37}|{51, 53, 49, 47, 50, 42, 43, 44, 45, 46, 52, 41, 48}	0.24887979591834347	219.7608597958973	883.0
N40	t3	{1, 2, 5, 27, 30, 14, 24, 18, 17, 20, 22, 29, 54, 56, 57, 60, 58, 59, 4, 10, 19, 13, 3, 6, 11, 12, 23, 55, 21, 25, 26, 16, 7, 8, 9, 31, 15, 28}|{40, 35, 39, 34, 36, 38, 37}#{51, 53, 49, 47, 50, 42, 43, 44, 45, 46, 52, 41, 48}|{33, 32}	0.35595123935168704	314.3049443475397	883.0
N41	t1	{1, 2, 5, 27, 30, 14, 24, 18, 17, 40, 20, 22, 29, 35, 54, 56, 57, 60, 58, 59, 4, 10, 19, 33, 13, 39, 47, 32, 34, 36, 3, 6, 11, 38, 42, 43, 44, 12, 23, 45, 46, 55, 21, 25, 26, 16, 7, 8, 9, 37, 31, 41, 48, 15, 28}|{51, 53, 52}#{49}|{50}	0.5648097583032169	52.527307522199166	93.0
N41	t2	{1, 2, 5, 27, 30, 14, 24, 18, 17, 40, 20, 22, 29, 35, 54, 56, 57, 60, 58, 59, 4, 10, 19, 33, 13, 39, 47, 32, 34, 36, 3, 6, 11, 38, 42, 43, 44, 12, 23, 45, 46, 55, 21, 25, 26, 16, 7, 8, 9, 37, 31, 41, 48, 15, 28}|{49}#{51, 53, 52}|{50}	0.15738984181259225	14.637255288571078	93.0
N41	t3	{1, 2, 5, 27, 30, 14, 24, 18, 17, 40, 20, 22, 29, 35, 54, 56, 57, 60, 58, 59, 4, 10, 19, 33, 13, 39, 47, 32, 34, 36, 3, 6, 11, 38, 42, 43, 44, 12, 23, 45, 46, 55, 21, 25, 26, 16, 7, 8, 9, 37, 31, 41, 48, 15, 28}|{50}#{51, 53, 52}|{49}	0.277800399884191	25.83543718922976	93.0
N42	t1	{1, 2, 5, 27, 30, 14, 24, 18, 17, 40, 20, 22, 29, 35, 54, 56, 57, 60, 58, 59, 4, 10, 19, 33, 49, 13, 39, 47, 50, 32, 34, 36, 3, 6, 11, 38, 42, 43, 44, 12, 23, 45, 46, 55, 21, 25, 26, 16, 7, 8, 9, 37, 31, 41, 48, 15, 28}|{52}#{51}|{53}	0.3608464632805404	7.938622192171888	22.0
N42	t2	{1, 2, 5, 27, 30, 14, 24, 18, 17, 40, 20, 22, 29, 35, 54, 56, 57, 60, 58, 59, 4, 10, 19, 33, 49, 13, 39, 47, 50, 32, 34, 36, 3, 6, 11, 38, 42, 43, 44, 12, 23, 45, 46, 55, 21, 25, 26, 16, 7, 8, 9, 37, 31, 41, 48, 15, 28}|{51}#{53}|{52}	0.3378418640183346	7.432521008403361	22.0
N42	t3	{1, 2, 5, 27, 30, 14, 24, 18, 17, 40, 20, 22, 29, 35, 54, 56, 57, 60, 58, 59, 4, 10, 19, 33, 49, 13, 39, 47, 50, 32, 34, 36, 3, 6, 11, 38, 42, 43, 44, 12, 23, 45, 46, 55, 21, 25, 26, 16, 7, 8, 9, 37, 31, 41, 48, 15, 28}|{53}#{51}|{52}	0.3013116727011251	6.628856799424751	22.0
N43	t1	{1, 2, 5, 27, 30, 14, 24, 18, 17, 40, 20, 22, 29, 35, 54, 56, 57, 60, 58, 59, 4, 10, 19, 33, 13, 39, 47, 32, 34, 36, 3, 6, 11, 38, 42, 43, 44, 12, 23, 45, 46, 55, 21, 25, 26, 16, 7, 8, 9, 37, 31, 41, 48, 15, 28}|{49, 50}#{51, 53}|{52}	0.49530582606436296	63.89445156230282	129.0
N43	t2	{1, 2, 5, 27, 30, 14, 24, 18, 17, 40, 20, 22, 29, 35, 54, 56, 57, 60, 58, 59, 4, 10, 19, 33, 13, 39, 47, 32, 34, 36, 3, 6, 11, 38, 42, 43, 44, 12, 23, 45, 46, 55, 21, 25, 26, 16, 7, 8, 9, 37, 31, 41, 48, 15, 28}|{52}#{51, 53}|{49, 50}	0.3067520843243393	39.57101887783977	129.0
N43	t3	{1, 2, 5, 27, 30, 14, 24, 18, 17, 40, 20, 22, 29, 35, 54, 56, 57, 60, 58, 59, 4, 10, 19, 33, 13, 39, 47, 32, 34, 36, 3, 6, 11, 38, 42, 43, 44, 12, 23, 45, 46, 55, 21, 25, 26, 16, 7, 8, 9, 37, 31, 41, 48, 15, 28}|{51, 53}#{49, 50}|{52}	0.19794208961129778	25.534529559857415	129.0
N44	t1	{1, 2, 5, 27, 30, 14, 24, 18, 17, 40, 20, 22, 29, 35, 54, 56, 57, 60, 58, 59, 4, 10, 19, 33, 13, 39, 32, 34, 36, 3, 6, 11, 38, 12, 23, 55, 21, 25, 26, 16, 7, 8, 9, 37, 31, 15, 28}|{47, 42, 43, 44, 45, 46, 41, 48}#{51, 53, 52}|{49, 50}	0.7293405762505388	350.0834766002586	480.0
N44	t2	{1, 2, 5, 27, 30, 14, 24, 18, 17, 40, 20, 22, 29, 35, 54, 56, 57, 60, 58, 59, 4, 10, 19, 33, 13, 39, 32, 34, 36, 3, 6, 11, 38, 12, 23, 55, 21, 25, 26, 16, 7, 8, 9, 37, 31, 15, 28}|{49, 50}#{51, 53, 52}|{47, 42, 43, 44, 45, 46, 41, 48}	0.07685895979877676	36.89230070341284	480.0
N44	t3	{1, 2, 5, 27, 30, 14, 24, 18, 17, 40, 20, 22, 29, 35, 54, 56, 57, 60, 58, 59, 4, 10, 19, 33, 13, 39, 32, 34, 36, 3, 6, 11, 38, 12, 23, 55, 21, 25, 26, 16, 7, 8, 9, 37, 31, 15, 28}|{51, 53, 52}#{49, 50}|{47, 42, 43, 44, 45, 46, 41, 48}	0.19380046395068423	93.02422269632844	480.0
N45	t1	{1, 2, 5, 27, 30, 14, 24, 18, 17, 40, 20, 22, 29, 35, 51, 53, 54, 56, 57, 60, 58, 59, 4, 10, 19, 33, 49, 13, 39, 50, 32, 34, 36, 3, 6, 11, 38, 42, 12, 23, 55, 21, 25, 26, 16, 7, 8, 9, 37, 52, 31, 41, 15, 28}|{47, 45, 46, 48}#{43}|{44}	1.0	6.0	6.0
N45	t2	{1, 2, 5, 27, 30, 14, 24, 18, 17, 40, 20, 22, 29, 35, 51, 53, 54, 56, 57, 60, 58, 59, 4, 10, 19, 33, 49, 13, 39, 50, 32, 34, 36, 3, 6, 11, 38, 42, 12, 23, 55, 21, 25, 26, 16, 7, 8, 9, 37, 52, 31, 41, 15, 28}|{43}#{47, 45, 46, 48}|{44}	0.0	0.0	6.0
N45	t3	{1, 2, 5, 27, 30, 14, 24, 18, 17, 40, 20, 22, 29, 35, 51, 53, 54, 56, 57, 60, 58, 59, 4, 10, 19, 33, 49, 13, 39, 50, 32, 34, 36, 3, 6, 11, 38, 42, 12, 23, 55, 21, 25, 26, 16, 7, 8, 9, 37, 52, 31, 41, 15, 28}|{44}#{47, 45, 46, 48}|{43}	0.0	0.0	6.0
N46	t1	{1, 2, 5, 27, 30, 14, 24, 18, 17, 40, 20, 22, 29, 35, 51, 53, 54, 56, 57, 60, 58, 59, 4, 10, 19, 33, 49, 13, 39, 50, 32, 34, 36, 3, 6, 11, 38, 42, 43, 44, 12, 23, 55, 21, 25, 26, 16, 7, 8, 9, 37, 52, 31, 41, 15, 28}|{45, 46}#{47}|{48}	0.9	9.0	10.0
N46	t2	{1, 2, 5, 27, 30, 14, 24, 18, 17, 40, 20, 22, 29, 35, 51, 53, 54, 56, 57, 60, 58, 59, 4, 10, 19, 33, 49, 13, 39, 50, 32, 34, 36, 3, 6, 11, 38, 42, 43, 44, 12, 23, 55, 21, 25, 26, 16, 7, 8, 9, 37, 52, 31, 41, 15, 28}|{47}#{45, 46}|{48}	0.0	0.0	10.0
N46	t3	{1, 2, 5, 27, 30, 14, 24, 18, 17, 40, 20, 22, 29, 35, 51, 53, 54, 56, 57, 60, 58, 59, 4, 10, 19, 33, 49, 13, 39, 50, 32, 34, 36, 3, 6, 11, 38, 42, 43, 44, 12, 23, 55, 21, 25, 26, 16, 7, 8, 9, 37, 52, 31, 41, 15, 28}|{48}#{47}|{45, 46}	0.1	1.0	10.0
N47	t1	{1, 2, 5, 27, 30, 14, 24, 18, 17, 40, 20, 22, 29, 35, 51, 53, 54, 56, 57, 60, 58, 59, 4, 10, 19, 33, 49, 13, 39, 50, 32, 34, 36, 3, 6, 11, 38, 42, 43, 44, 12, 23, 55, 21, 25, 26, 16, 7, 8, 9, 37, 52, 31, 41, 15, 28}|{47, 48}#{45}|{46}	0.9411764705882353	8.470588235294118	9.0
N47	t2	{1, 2, 5, 27, 30, 14, 24, 18, 17, 40, 20, 22, 29, 35, 51, 53, 54, 56, 57, 60, 58, 59, 4, 10, 19, 33, 49, 13, 39, 50, 32, 34, 36, 3, 6, 11, 38, 42, 43, 44, 12, 23, 55, 21, 25, 26, 16, 7, 8, 9, 37, 52, 31, 41, 15, 28}|{45}#{47, 48}|{46}	0.02287581699346405	0.20588235294117646	9.0
N47	t3	{1, 2, 5, 27, 30, 14, 24, 18, 17, 40, 20, 22, 29, 35, 51, 53, 54, 56, 57, 60, 58, 59, 4, 10, 19, 33, 49, 13, 39, 50, 32, 34, 36, 3, 6, 11, 38, 42, 43, 44, 12, 23, 55, 21, 25, 26, 16, 7, 8, 9, 37, 52, 31, 41, 15, 28}|{46}#{47, 48}|{45}	0.03594771241830066	0.3235294117647059	9.0
N48	t1	{1, 2, 5, 27, 30, 14, 24, 18, 17, 40, 20, 22, 29, 35, 51, 53, 54, 56, 57, 60, 58, 59, 4, 10, 19, 33, 49, 13, 39, 50, 32, 34, 36, 3, 6, 11, 38, 42, 12, 23, 55, 21, 25, 26, 16, 7, 8, 9, 37, 52, 31, 41, 15, 28}|{43, 44}#{47, 48}|{45, 46}	0.828125	4.140625	5.0
N48	t2	{1, 2, 5, 27, 30, 14, 24, 18, 17, 40, 20, 22, 29, 35, 51, 53, 54, 56, 57, 60, 58, 59, 4, 10, 19, 33, 49, 13, 39, 50, 32, 34, 36, 3, 6, 11, 38, 42, 12, 23, 55, 21, 25, 26, 16, 7, 8, 9, 37, 52, 31, 41, 15, 28}|{47, 48}#{43, 44}|{45, 46}	0.121875	0.609375	5.0
N48	t3	{1, 2, 5, 27, 30, 14, 24, 18, 17, 40, 20, 22, 29, 35, 51, 53, 54, 56, 57, 60, 58, 59, 4, 10, 19, 33, 49, 13, 39, 50, 32, 34, 36, 3, 6, 11, 38, 42, 12, 23, 55, 21, 25, 26, 16, 7, 8, 9, 37, 52, 31, 41, 15, 28}|{45, 46}#{47, 48}|{43, 44}	0.05	0.25	5.0
N49	t1	{1, 2, 5, 27, 30, 14, 24, 18, 17, 40, 20, 22, 29, 35, 51, 53, 54, 56, 57, 60, 58, 59, 4, 10, 19, 33, 49, 13, 39, 50, 32, 34, 36, 3, 6, 11, 38, 12, 23, 55, 21, 25, 26, 16, 7, 8, 9, 37, 52, 31, 15, 28}|{42, 41}#{47, 45, 46, 48}|{43, 44}	0.4430976430976431	4.874074074074074	11.0
N49	t2	{1, 2, 5, 27, 30, 14, 24, 18, 17, 40, 20, 22, 29, 35, 51, 53, 54, 56, 57, 60, 58, 59, 4, 10, 19, 33, 49, 13, 39, 50, 32, 34, 36, 3, 6, 11, 38, 12, 23, 55, 21, 25, 26, 16, 7, 8, 9, 37, 52, 31, 15, 28}|{43, 44}#{47, 45, 46, 48}|{42, 41}	0.2805387205387206	3.085925925925926	11.0
N49	t3	{1, 2, 5, 27, 30, 14, 24, 18, 17, 40, 20, 22, 29, 35, 51, 53, 54, 56, 57, 60, 58, 59, 4, 10, 19, 33, 49, 13, 39, 50, 32, 34, 36, 3, 6, 11, 38, 12, 23, 55, 21, 25, 26, 16, 7, 8, 9, 37, 52, 31, 15, 28}|{47, 45, 46, 48}#{42, 41}|{43, 44}	0.27636363636363637	3.04	11.0
N50	t1	{1, 2, 5, 27, 30, 14, 24, 18, 17, 40, 20, 22, 29, 35, 51, 53, 54, 56, 57, 60, 58, 59, 4, 10, 19, 33, 49, 13, 39, 50, 32, 34, 36, 3, 6, 11, 38, 12, 23, 55, 21, 25, 26, 16, 7, 8, 9, 37, 52, 31, 15, 28}|{47, 43, 44, 45, 46, 48}#{42}|{41}	0.90625	29.0	32.0
N50	t2	{1, 2, 5, 27, 30, 14, 24, 18, 17, 40, 20, 22, 29, 35, 51, 53, 54, 56, 57, 60, 58, 59, 4, 10, 19, 33, 49, 13, 39, 50, 32, 34, 36, 3, 6, 11, 38, 12, 23, 55, 21, 25, 26, 16, 7, 8, 9, 37, 52, 31, 15, 28}|{41}#{47, 43, 44, 45, 46, 48}|{42}	0.0	0.0	32.0
N50	t3	{1, 2, 5, 27, 30, 14, 24, 18, 17, 40, 20, 22, 29, 35, 51, 53, 54, 56, 57, 60, 58, 59, 4, 10, 19, 33, 49, 13, 39, 50, 32, 34, 36, 3, 6, 11, 38, 12, 23, 55, 21, 25, 26, 16, 7, 8, 9, 37, 52, 31, 15, 28}|{42}#{47, 43, 44, 45, 46, 48}|{41}	0.09375	3.0	32.0
N51	t1	{1, 2, 5, 27, 30, 14, 24, 18, 17, 40, 20, 22, 29, 35, 54, 56, 57, 60, 58, 59, 4, 10, 19, 33, 13, 39, 32, 34, 36, 3, 6, 11, 38, 12, 23, 55, 21, 25, 26, 16, 7, 8, 9, 37, 31, 15, 28}|{51, 53, 49, 50, 52}#{47, 43, 44, 45, 46, 48}|{42, 41}	0.7396196677514046	85.79588145916294	116.0
N51	t2	{1, 2, 5, 27, 30, 14, 24, 18, 17, 40, 20, 22, 29, 35, 54, 56, 57, 60, 58, 59, 4, 10, 19, 33, 13, 39, 32, 34, 36, 3, 6, 11, 38, 12, 23, 55, 21, 25, 26, 16, 7, 8, 9, 37, 31, 15, 28}|{47, 43, 44, 45, 46, 48}#{51, 53, 49, 50, 52}|{42, 41}	0.174240421915817	20.211888942234772	116.0
N51	t3	{1, 2, 5, 27, 30, 14, 24, 18, 17, 40, 20, 22, 29, 35, 54, 56, 57, 60, 58, 59, 4, 10, 19, 33, 13, 39, 32, 34, 36, 3, 6, 11, 38, 12, 23, 55, 21, 25, 26, 16, 7, 8, 9, 37, 31, 15, 28}|{42, 41}#{51, 53, 49, 50, 52}|{47, 43, 44, 45, 46, 48}	0.08613991033277808	9.992229598602258	116.0
N52	t1	{1, 2, 5, 27, 30, 14, 24, 18, 17, 20, 22, 29, 54, 56, 57, 60, 58, 59, 4, 10, 19, 13, 3, 6, 11, 12, 23, 55, 21, 25, 26, 16, 7, 8, 9, 31, 15, 28}|{40, 35, 33, 39, 32, 34, 36, 38, 37}#{51, 53, 49, 50, 52}|{47, 42, 43, 44, 45, 46, 41, 48}	0.4248525806414562	331.3850129003358	780.0
N52	t2	{1, 2, 5, 27, 30, 14, 24, 18, 17, 20, 22, 29, 54, 56, 57, 60, 58, 59, 4, 10, 19, 13, 3, 6, 11, 12, 23, 55, 21, 25, 26, 16, 7, 8, 9, 31, 15, 28}|{51, 53, 49, 50, 52}#{40, 35, 33, 39, 32, 34, 36, 38, 37}|{47, 42, 43, 44, 45, 46, 41, 48}	0.27411582441845306	213.8103430463934	780.0
N52	t3	{1, 2, 5, 27, 30, 14, 24, 18, 17, 20, 22, 29, 54, 56, 57, 60, 58, 59, 4, 10, 19, 13, 3, 6, 11, 12, 23, 55, 21, 25, 26, 16, 7, 8, 9, 31, 15, 28}|{47, 42, 43, 44, 45, 46, 41, 48}#{40, 35, 33, 39, 32, 34, 36, 38, 37}|{51, 53, 49, 50, 52}	0.3010315949400907	234.80464405327072	780.0
N53	t1	{1, 2, 54, 56, 57, 60, 58, 59, 3, 55}|{5, 27, 30, 14, 24, 18, 17, 20, 22, 29, 4, 10, 19, 13, 6, 11, 12, 23, 21, 25, 26, 16, 7, 8, 9, 31, 15, 28}#{40, 35, 33, 39, 32, 34, 36, 38, 37}|{51, 53, 49, 47, 50, 42, 43, 44, 45, 46, 52, 41, 48}	0.39601740198818786	489.081491455412	1235.0
N53	t2	{1, 2, 54, 56, 57, 60, 58, 59, 3, 55}|{40, 35, 33, 39, 32, 34, 36, 38, 37}#{5, 27, 30, 14, 24, 18, 17, 20, 22, 29, 4, 10, 19, 13, 6, 11, 12, 23, 21, 25, 26, 16, 7, 8, 9, 31, 15, 28}|{51, 53, 49, 47, 50, 42, 43, 44, 45, 46, 52, 41, 48}	0.26790699669458246	330.86514091780936	1235.0
N53	t3	{1, 2, 54, 56, 57, 60, 58, 59, 3, 55}|{51, 53, 49, 47, 50, 42, 43, 44, 45, 46, 52, 41, 48}#{5, 27, 30, 14, 24, 18, 17, 20, 22, 29, 4, 10, 19, 13, 6, 11, 12, 23, 21, 25, 26, 16, 7, 8, 9, 31, 15, 28}|{40, 35, 33, 39, 32, 34, 36, 38, 37}	0.33607560131722913	415.05336762677797	1235.0
N54	t1	{1, 2, 56, 57, 60, 58, 59, 3}|{54, 55}#{5, 27, 30, 14, 24, 18, 17, 20, 22, 29, 4, 10, 19, 13, 6, 11, 12, 23, 21, 25, 26, 16, 7, 8, 9, 31, 15, 28}|{40, 35, 51, 53, 33, 49, 39, 47, 50, 32, 34, 36, 38, 42, 43, 44, 45, 46, 37, 52, 41, 48}	0.6678500081032364	824.7947600074968	1235.0
N54	t2	{1, 2, 56, 57, 60, 58, 59, 3}|{5, 27, 30, 14, 24, 18, 17, 20, 22, 29, 4, 10, 19, 13, 6, 11, 12, 23, 21, 25, 26, 16, 7, 8, 9, 31, 15, 28}#{40, 35, 51, 53, 33, 49, 39, 47, 50, 32, 34, 36, 38, 42, 43, 44, 45, 46, 37, 52, 41, 48}|{54, 55}	0.22423149461456204	276.9258958489841	1235.0
N54	t3	{1, 2, 56, 57, 60, 58, 59, 3}|{40, 35, 51, 53, 33, 49, 39, 47, 50, 32, 34, 36, 38, 42, 43, 44, 45, 46, 37, 52, 41, 48}#{5, 27, 30, 14, 24, 18, 17, 20, 22, 29, 4, 10, 19, 13, 6, 11, 12, 23, 21, 25, 26, 16, 7, 8, 9, 31, 15, 28}|{54, 55}	0.10791849728220208	133.27934414351958	1235.0
N55	t1	{1, 2, 3}|{56, 57, 60, 58, 59}#{5, 27, 30, 14, 24, 18, 17, 40, 20, 22, 29, 35, 51, 53, 4, 10, 19, 33, 49, 13, 39, 47, 50, 32, 34, 36, 6, 11, 38, 42, 43, 44, 12, 23, 45, 46, 21, 25, 26, 16, 7, 8, 9, 37, 52, 31, 41, 48, 15, 28}|{54, 55}	0.5573234045249691	688.2944045883369	1235.0
N55	t2	{1, 2, 3}|{54, 55}#{5, 27, 30, 14, 24, 18, 17, 40, 20, 22, 29, 35, 51, 53, 4, 10, 19, 33, 49, 13, 39, 47, 50, 32, 34, 36, 6, 11, 38, 42, 43, 44, 12, 23, 45, 46, 21, 25, 26, 16, 7, 8, 9, 37, 52, 31, 41, 48, 15, 28}|{56, 57, 60, 58, 59}	0.28008790606242895	345.90856398709974	1235.0
N55	t3	{1, 2, 3}|{5, 27, 30, 14, 24, 18, 17, 40, 20, 22, 29, 35, 51, 53, 4, 10, 19, 33, 49, 13, 39, 47, 50, 32, 34, 36, 6, 11, 38, 42, 43, 44, 12, 23, 45, 46, 21, 25, 26, 16, 7, 8, 9, 37, 52, 31, 41, 48, 15, 28}#{54, 55}|{56, 57, 60, 58, 59}	0.16258868941260232	200.79703142456387	1235.0
N56	t1	{1}|{2, 3}#{5, 27, 30, 14, 24, 18, 17, 40, 20, 22, 29, 35, 51, 53, 54, 4, 10, 19, 33, 49, 13, 39, 47, 50, 32, 34, 36, 6, 11, 38, 42, 43, 44, 12, 23, 45, 46, 55, 21, 25, 26, 16, 7, 8, 9, 37, 52, 31, 41, 48, 15, 28}|{56, 57, 60, 58, 59}	0.3453032794551531	426.4495501271141	1235.0
N56	t2	{1}|{56, 57, 60, 58, 59}#{2, 3}|{5, 27, 30, 14, 24, 18, 17, 40, 20, 22, 29, 35, 51, 53, 54, 4, 10, 19, 33, 49, 13, 39, 47, 50, 32, 34, 36, 6, 11, 38, 42, 43, 44, 12, 23, 45, 46, 55, 21, 25, 26, 16, 7, 8, 9, 37, 52, 31, 41, 48, 15, 28}	0.3646182604256455	450.3035516256722	1235.0
N56	t3	{1}|{5, 27, 30, 14, 24, 18, 17, 40, 20, 22, 29, 35, 51, 53, 54, 4, 10, 19, 33, 49, 13, 39, 47, 50, 32, 34, 36, 6, 11, 38, 42, 43, 44, 12, 23, 45, 46, 55, 21, 25, 26, 16, 7, 8, 9, 37, 52, 31, 41, 48, 15, 28}#{2, 3}|{56, 57, 60, 58, 59}	0.29007846011920146	358.24689824721384	1235.0
